filename, Black, Downy, Fresh, Leaf, Mildew, Spot
Fresh-leaf-157-_jpg.rf.3d8bdead0d20b2ccc3b1747c49b5d195.jpg, 0, 0, 1, 1, 0, 0
Black-Spot-154-_jpg.rf.3ddfb27acaf8cba5eeac8d85727d78de.jpg, 1, 0, 0, 0, 0, 1
Black-Spot-166-_jpg.rf.40a3189cebc1a46f9d2a85d56c4e8370.jpg, 1, 0, 0, 0, 0, 1
Downy-Mildew-108-_jpg.rf.484f70fffd74fcdee00e670a001f9e59.jpg, 0, 1, 0, 0, 1, 0
Black-Spot-152-_jpg.rf.4548c97df1559e922f85baeaa7df091d.jpg, 1, 0, 0, 0, 0, 1
Fresh-leaf-35-_jpg.rf.411bf6e066a2ef6a5d02028c7c910c01.jpg, 0, 0, 1, 1, 0, 0
Fresh-leaf-333-_jpg.rf.411972f18a44574e165fd102a7389568.jpg, 0, 0, 1, 1, 0, 0
Fresh-leaf-234-_jpg.rf.3fb3308e86e9059f07a6bb44d8909d9f.jpg, 0, 0, 1, 1, 0, 0
Black-Spot-280-_jpg.rf.40c6be0a73ed006fe4bd07dfd4409654.jpg, 1, 0, 0, 0, 0, 1
Black-Spot-258-_jpg.rf.40d36c838da9fce455912a4bf8400449.jpg, 1, 0, 0, 0, 0, 1
Fresh-leaf-300-_jpg.rf.40ce2c89056e248737a3f287b51170ac.jpg, 0, 0, 1, 1, 0, 0
Black-Spot-128-_jpg.rf.43a7ad744bb67b1ec783c1327689d7b9.jpg, 1, 0, 0, 0, 0, 1
Fresh-leaf-192-_jpg.rf.44a3890fc3256e0c3901a7fd5506badd.jpg, 0, 0, 1, 1, 0, 0
Black-Spot-32-_jpg.rf.48ca29fb0ba7a169a3d1c4f59690db09.jpg, 1, 0, 0, 0, 0, 1
Downy-Mildew-185-_jpg.rf.425c77194acadd587296dde2cf2de334.jpg, 0, 1, 0, 0, 1, 0
Black-Spot-296-_jpg.rf.45820adc0059ff4e986e250bf593fce0.jpg, 1, 0, 0, 0, 0, 1
Downy-Mildew-111-_jpg.rf.45c6f98e7935b4d5eac014d3b9a2858e.jpg, 0, 1, 0, 0, 1, 0
Black-Spot-310-_jpg.rf.472836e59c19ca43ef5e5f9cbc6ecd43.jpg, 1, 0, 0, 0, 0, 1
Downy-Mildew-151-_jpg.rf.44a3e5e7800eeef75f660f4319ba69cc.jpg, 0, 1, 0, 0, 1, 0
Fresh-leaf-126-_jpg.rf.4b25fd422e287cc48a469e6b9055b418.jpg, 0, 0, 1, 1, 0, 0
Downy-Mildew-200-_jpg.rf.4b266f43ea3155fd31ab7f0782f20263.jpg, 0, 1, 0, 0, 1, 0
Black-Spot-303-_jpg.rf.46a434279a4c77b4c4393080e706f716.jpg, 1, 0, 0, 0, 0, 1
Downy-Mildew-163-_jpg.rf.462574a8b18e24077ece44f379d0fea5.jpg, 0, 1, 0, 0, 1, 0
Black-Spot-143-_jpg.rf.4b57524e0c5f74b0a89c71efac47de78.jpg, 1, 0, 0, 0, 0, 1
Fresh-leaf-366-_jpg.rf.48a4f3134cf209a3a05d69f4d8038f17.jpg, 0, 0, 1, 1, 0, 0
Fresh-leaf-74-_jpg.rf.4db5b5f3b43645128ee845bce1334b13.jpg, 0, 0, 1, 1, 0, 0
Fresh-leaf-387-_jpg.rf.4c8a9dccc0fe7f571a17b2188220133a.jpg, 0, 0, 1, 1, 0, 0
Fresh-leaf-284-_jpg.rf.4da8cd2098f209f62bf3ffc8f13a4848.jpg, 0, 0, 1, 1, 0, 0
Black-Spot-200-_jpg.rf.4f70dfbae7d9e4526face41d684fb91c.jpg, 1, 0, 0, 0, 0, 1
Black-Spot-36-_jpg.rf.4d4bd92633c75b3a25966d673ff761cf.jpg, 1, 0, 0, 0, 0, 1
Fresh-leaf-141-_jpg.rf.4b9a66cc7a38993ad5f1fafa63e94a2f.jpg, 0, 0, 1, 1, 0, 0
Black-Spot-47-_jpg.rf.4bc780778b46e4e4250c4b18daa12705.jpg, 1, 0, 0, 0, 0, 1
Black-Spot-209-_jpg.rf.4e8a6bb02b16ac59b007ec51eecffd12.jpg, 1, 0, 0, 0, 0, 1
Fresh-leaf-144-_jpg.rf.4bf84012cd9039d83a82f96c3fe1f8e6.jpg, 0, 0, 1, 1, 0, 0
Fresh-leaf-384-_jpg.rf.52f673125e4b767000e80a5c25537dc6.jpg, 0, 0, 1, 1, 0, 0
Fresh-leaf-183-_jpg.rf.4d5eac3b1401aa3fc70c0ed6f7ad93ba.jpg, 0, 0, 1, 1, 0, 0
Black-Spot-134-_jpg.rf.50c8688da61964b6718e3307890b8b4d.jpg, 1, 0, 0, 0, 0, 1
Downy-Mildew-14-_jpg.rf.5000a5e1a03823efb87c64d96df1f23b.jpg, 0, 1, 0, 0, 1, 0
Fresh-leaf-65-_jpg.rf.4fe112ff581bb807c2d95d4cd342382f.jpg, 0, 0, 1, 1, 0, 0
Black-Spot-264-_jpg.rf.51ce12ed00d3d12563de67f8b6bee985.jpg, 1, 0, 0, 0, 0, 1
Downy-Mildew-131-_jpg.rf.5392d4c7815c65f7894cd64c4ed16d63.jpg, 0, 1, 0, 0, 1, 0
Fresh-leaf-106-_jpg.rf.54c34b964f2ffa2dd042432bd7bfd42f.jpg, 0, 0, 1, 1, 0, 0
Fresh-leaf-105-_jpg.rf.4de84afd07a333e7e7867af2989d27e7.jpg, 0, 0, 1, 1, 0, 0
Black-Spot-76-_jpg.rf.50a4f3a221e1a6b1b5a3662250845371.jpg, 1, 0, 0, 0, 0, 1
Fresh-leaf-316-_jpg.rf.535de4292a547dfe2586e6b579228d6e.jpg, 0, 0, 1, 1, 0, 0
Black-Spot-53-_jpg.rf.5379ab1d1ca5e68828dd1810c52ebc8f.jpg, 1, 0, 0, 0, 0, 1
Black-Spot-31-_jpg.rf.552d34aa854b55396bd7a5096ff2ed0c.jpg, 1, 0, 0, 0, 0, 1
Downy-Mildew-11-_jpg.rf.4b6a62f96b71793ec41d3a6d7e017afa.jpg, 0, 1, 0, 0, 1, 0
Black-Spot-190-_jpg.rf.542ef306e4aa94bb060e26cfedfdf6b3.jpg, 1, 0, 0, 0, 0, 1
Black-Spot-107-_jpg.rf.4e837880fe24a803c90be14332eea601.jpg, 1, 0, 0, 0, 0, 1
Black-Spot-12-_jpg.rf.5531e80c6b646eb9f2855b43ad66dd19.jpg, 1, 0, 0, 0, 0, 1
Downy-Mildew-118-_jpg.rf.557becde0d484fbd843d63657950e879.jpg, 0, 1, 0, 0, 1, 0
Downy-Mildew-95-_jpg.rf.56927a609d60f8f7e2c8f8ef8e2a2c8a.jpg, 0, 1, 0, 0, 1, 0
Fresh-leaf-7-_jpg.rf.5132c6e5c2a3f9e12283f7b14522dfd7.jpg, 0, 0, 1, 1, 0, 0
Fresh-leaf-301-_jpg.rf.5d26eef135027f76498329f45d87db27.jpg, 0, 0, 1, 1, 0, 0
Fresh-leaf-64-_jpg.rf.5668de5e39ec0daa2e809983c4e2c683.jpg, 0, 0, 1, 1, 0, 0
Black-Spot-272-_jpg.rf.5a045b7441a77a05a3caeb7b1562ec69.jpg, 1, 0, 0, 0, 0, 1
Fresh-leaf-362-_jpg.rf.5ac9934eb2423ffaf171665b5ff62cb0.jpg, 0, 0, 1, 1, 0, 0
Black-Spot-308-_jpg.rf.5a28f0d0067ecf182884fb0e7e28ebda.jpg, 1, 0, 0, 0, 0, 1
Fresh-leaf-245-_jpg.rf.5575958ab37c80d35cd00c6f74b83168.jpg, 0, 0, 1, 1, 0, 0
Black-Spot-157-_jpg.rf.581a84be51ffed1e68e8b811d1d0a908.jpg, 1, 0, 0, 0, 0, 1
Black-Spot-1-_jpg.rf.575a03b63ac094feba2ac47079c84250.jpg, 1, 0, 0, 0, 0, 1
Fresh-leaf-221-_jpg.rf.57cf841fa1ce969067bee5de9b3deb2a.jpg, 0, 0, 1, 1, 0, 0
Black-Spot-241-_jpg.rf.58a26068ea82ee1e09c21cb59657ec3b.jpg, 1, 0, 0, 0, 0, 1
Black-Spot-70-_jpg.rf.573b20d9445e360eafd0d45b72abfd71.jpg, 1, 0, 0, 0, 0, 1
Fresh-leaf-361-_jpg.rf.5bb864dd57ffdbb62d84c6ec40b7ded7.jpg, 0, 0, 1, 1, 0, 0
Black-Spot-77-_jpg.rf.5e75da4b60e2d85f55821f4b377b392c.jpg, 1, 0, 0, 0, 0, 1
Fresh-leaf-383-_jpg.rf.5b0ffcb1608bbdff44945b042b957de0.jpg, 0, 0, 1, 1, 0, 0
Black-Spot-232-_jpg.rf.592659923a0eae080f330515878ca985.jpg, 1, 0, 0, 0, 0, 1
Black-Spot-129-_jpg.rf.5d32e56e9cd5f2b4ce23a801059bc987.jpg, 1, 0, 0, 0, 0, 1
Black-Spot-198-_jpg.rf.5bffa8be3f7a0a6253774e01a6ce0b20.jpg, 1, 0, 0, 0, 0, 1
Fresh-leaf-20-_jpg.rf.57638959c6cb4511fc2ae1c2c830e525.jpg, 0, 0, 1, 1, 0, 0
Black-Spot-51-_jpg.rf.5b93d4dc68a649b922a92b9985483075.jpg, 1, 0, 0, 0, 0, 1
Downy-Mildew-139-_jpg.rf.5b8ad38f4bf4806f625d87945f31edba.jpg, 0, 1, 0, 0, 1, 0
Fresh-leaf-353-_jpg.rf.5da78377f7beb6ec29bb22684986fe5e.jpg, 0, 0, 1, 1, 0, 0
Black-Spot-225-_jpg.rf.5d4fe22ad64857da59a7bb00abd7424d.jpg, 1, 0, 0, 0, 0, 1
Black-Spot-293-_jpg.rf.60cc72a9e06a4e689476d23ac5241a84.jpg, 1, 0, 0, 0, 0, 1
Fresh-leaf-242-_jpg.rf.60b5149709d6bc5e2c2c8d7ddc42a9bf.jpg, 0, 0, 1, 1, 0, 0
Fresh-leaf-380-_jpg.rf.5eeda2a99e9a763ddfd530231b757250.jpg, 0, 0, 1, 1, 0, 0
Black-Spot-119-_jpg.rf.625d9f226ddf8ed77c5bfa2c6af7d56c.jpg, 1, 0, 0, 0, 0, 1
Downy-Mildew-122-_jpg.rf.614198909bc0fb9eb6aa27faa3d1380f.jpg, 0, 1, 0, 0, 1, 0
Downy-Mildew-2-_jpg.rf.61d147e2385e87770da78967261b2ae0.jpg, 0, 1, 0, 0, 1, 0
Fresh-leaf-209-_jpg.rf.6012c7a2b16586b374c4f046ce8a16fc.jpg, 0, 0, 1, 1, 0, 0
Downy-Mildew-127-_jpg.rf.603cf9773ff1502f93ffe35923000566.jpg, 0, 1, 0, 0, 1, 0
Fresh-leaf-266-_jpg.rf.647bba9f4270e0c48d9643270c599ffb.jpg, 0, 0, 1, 1, 0, 0
Fresh-leaf-359-_jpg.rf.6511b229a25681af96a088154747ead8.jpg, 0, 0, 1, 1, 0, 0
Fresh-leaf-188-_jpg.rf.6649d0a8987069ce470d37302865df47.jpg, 0, 0, 1, 1, 0, 0
Black-Spot-215-_jpg.rf.62fd6bf1c25fec714ca5c3096e993777.jpg, 1, 0, 0, 0, 0, 1
Fresh-leaf-118-_jpg.rf.6483e82e7db303882ba08605487f8e31.jpg, 0, 0, 1, 1, 0, 0
Fresh-leaf-120-_jpg.rf.63aeb3f42ed547e73eed0513068e5a60.jpg, 0, 0, 1, 1, 0, 0
Downy-Mildew-88-_jpg.rf.640900c45a582c068292f3e5deeedba8.jpg, 0, 1, 0, 0, 1, 0
Black-Spot-140-_jpg.rf.644e587ffdf23b174950370f50b289c2.jpg, 1, 0, 0, 0, 0, 1
Fresh-leaf-345-_jpg.rf.64b8738f378ec2a53e59fb58ddc23db5.jpg, 0, 0, 1, 1, 0, 0
Downy-Mildew-141-_jpg.rf.64104d663daf74b59099f130a5155cf7.jpg, 0, 1, 0, 0, 1, 0
Downy-Mildew-82-_jpg.rf.5f9161efdb32e3ea52ea58f784dfdecc.jpg, 0, 1, 0, 0, 1, 0
Fresh-leaf-51-_jpg.rf.67101124fb927e9dea1cfa123c6f5d6c.jpg, 0, 0, 1, 1, 0, 0
Black-Spot-181-_jpg.rf.655a3547e815021e3dcfeae0b3500c54.jpg, 1, 0, 0, 0, 0, 1
Fresh-leaf-63-_jpg.rf.6746ab3c84d0cf277b3c9bb1f82ba75d.jpg, 0, 0, 1, 1, 0, 0
Downy-Mildew-8-_jpg.rf.65f15b8d1bf430b1073a9a16d53882b8.jpg, 0, 1, 0, 0, 1, 0
Black-Spot-29-_jpg.rf.6797807a23c72d28907e4b60a8874c97.jpg, 1, 0, 0, 0, 0, 1
Downy-Mildew-58-_jpg.rf.6803cd451d950e24175eb8e131b57aed.jpg, 0, 1, 0, 0, 1, 0
Fresh-leaf-138-_jpg.rf.647012615c4332dbee43f9df66798cc6.jpg, 0, 0, 1, 1, 0, 0
Downy-Mildew-79-_jpg.rf.6770f66b6ee9f6945bd219a11e822f5a.jpg, 0, 1, 0, 0, 1, 0
Fresh-leaf-193-_jpg.rf.64d6d0600d31b11a42c1ed7323761b05.jpg, 0, 0, 1, 1, 0, 0
Fresh-leaf-23-_jpg.rf.697ea5824172b6c9a676b14eb3fd0a22.jpg, 0, 0, 1, 1, 0, 0
Black-Spot-186-_jpg.rf.6a8a3684d0e0fc4302bf3856927a01d7.jpg, 1, 0, 0, 0, 0, 1
Black-Spot-120-_jpg.rf.693a8f5c8e3c52e07cea620bd574a09c.jpg, 1, 0, 0, 0, 0, 1
Fresh-leaf-251-_jpg.rf.7171d248811f6abf9b510d15423ac2cc.jpg, 0, 0, 1, 1, 0, 0
Downy-Mildew-164-_jpg.rf.6a0cb915a4230492cd52e0dd7116623d.jpg, 0, 1, 0, 0, 1, 0
Black-Spot-20-_jpg.rf.64e222e59bc701ef79d25c70c7b1106d.jpg, 1, 0, 0, 0, 0, 1
Fresh-leaf-45-_jpg.rf.6f95e1dfaaf93e7cc05bd8d0e761edae.jpg, 0, 0, 1, 1, 0, 0
Fresh-leaf-91-_jpg.rf.6d4e5221e778fcfd7394ab5098d4bd68.jpg, 0, 0, 1, 1, 0, 0
Downy-Mildew-49-_jpg.rf.6f91c3e70c200bf497eaff49dca77a45.jpg, 0, 1, 0, 0, 1, 0
Fresh-leaf-76-_jpg.rf.71dded051cf8c58a03c855d2d8cd3f29.jpg, 0, 0, 1, 1, 0, 0
Downy-Mildew-90-_jpg.rf.70bfbd449632b82f5877fd58ff6e98d1.jpg, 0, 1, 0, 0, 1, 0
Fresh-leaf-363-_jpg.rf.6c10471fcdf41609ed37a4ca37b52dac.jpg, 0, 0, 1, 1, 0, 0
Fresh-leaf-365-_jpg.rf.6cbf1cf7f0c2876f2d52ff42e25efe2c.jpg, 0, 0, 1, 1, 0, 0
Black-Spot-27-_jpg.rf.714472f6008e70db278ddb3b284e79a7.jpg, 1, 0, 0, 0, 0, 1
Downy-Mildew-198-_jpg.rf.707741741e9a6d6da09392020cd7b794.jpg, 0, 1, 0, 0, 1, 0
Downy-Mildew-81-_jpg.rf.6e003b406bee2dbe787757f7b8ccb61c.jpg, 0, 1, 0, 0, 1, 0
Downy-Mildew-134-_jpg.rf.70bbd7a450f47ccafe870ac2d391f612.jpg, 0, 1, 0, 0, 1, 0
Downy-Mildew-194-_jpg.rf.6b66abb2d713bdc55aaeb3263e4d40d3.jpg, 0, 1, 0, 0, 1, 0
Black-Spot-301-_jpg.rf.6a19ca83b62678c82e1a1ba3fe72ab46.jpg, 1, 0, 0, 0, 0, 1
Downy-Mildew-70-_jpg.rf.6f68fdc9033916bfb3629ac018ee8503.jpg, 0, 1, 0, 0, 1, 0
Black-Spot-102-_jpg.rf.6e490dce0b285ceb3d381b7b0ab5bced.jpg, 1, 0, 0, 0, 0, 1
Black-Spot-147-_jpg.rf.6fa155f7d1c24db9a5039dec14a02be2.jpg, 1, 0, 0, 0, 0, 1
Fresh-leaf-340-_jpg.rf.6c8ba990312608dc1c32b195e6e9f4c2.jpg, 0, 0, 1, 1, 0, 0
Fresh-leaf-243-_jpg.rf.71d99de02abe45b7f7c1b60baf7bcdf0.jpg, 0, 0, 1, 1, 0, 0
Fresh-leaf-165-_jpg.rf.7292b638586b15aefb2cfef6ba1bb735.jpg, 0, 0, 1, 1, 0, 0
Fresh-leaf-5-_jpg.rf.7271c9f2da32a9e904be935743ce33e0.jpg, 0, 0, 1, 1, 0, 0
Fresh-leaf-277-_jpg.rf.7286680f0191886225553701854f811e.jpg, 0, 0, 1, 1, 0, 0
Black-Spot-197-_jpg.rf.6cf2b19ee90311b731039e112e542d20.jpg, 1, 0, 0, 0, 0, 1
Downy-Mildew-115-_jpg.rf.731257a5537333fab8e46a22bb34888f.jpg, 0, 1, 0, 0, 1, 0
Fresh-leaf-132-_jpg.rf.73c600f0739b7bad5adbc930b9612c01.jpg, 0, 0, 1, 1, 0, 0
Black-Spot-116-_jpg.rf.745ae1218f789c1241a17817663be3d5.jpg, 1, 0, 0, 0, 0, 1
Downy-Mildew-169-_jpg.rf.75cb8b8f0159ffb3486d704a1b8faede.jpg, 0, 1, 0, 0, 1, 0
Downy-Mildew-86-_jpg.rf.7379a1179252d8b3748dc1c31c710149.jpg, 0, 1, 0, 0, 1, 0
Fresh-leaf-261-_jpg.rf.7448ee75d6d27333b18e28612d68861a.jpg, 0, 0, 1, 1, 0, 0
Black-Spot-127-_jpg.rf.7326824e336fb2a919d6714f98d58ae6.jpg, 1, 0, 0, 0, 0, 1
Black-Spot-81-_jpg.rf.7613fbb889f878adaa6998d4544e5585.jpg, 1, 0, 0, 0, 0, 1
Black-Spot-113-_jpg.rf.74de83436470c41fae0016e473b752ae.jpg, 1, 0, 0, 0, 0, 1
Fresh-leaf-297-_jpg.rf.73d5b131cde0270c9df646c0f146cbac.jpg, 0, 0, 1, 1, 0, 0
Downy-Mildew-199-_jpg.rf.74f478093f2460984ae7f7c66a25a7fb.jpg, 0, 1, 0, 0, 1, 0
Downy-Mildew-68-_jpg.rf.754481baf72b5d7201bfe2ab22c71f0d.jpg, 0, 1, 0, 0, 1, 0
Fresh-leaf-32-_jpg.rf.744067224f50557146d4846e8396aa16.jpg, 0, 0, 1, 1, 0, 0
Downy-Mildew-93-_jpg.rf.758bc3f0e34104be2bf2f40c9dd03202.jpg, 0, 1, 0, 0, 1, 0
Black-Spot-115-_jpg.rf.7a0f7f40e14e53fab8873eeceb52a93d.jpg, 1, 0, 0, 0, 0, 1
Fresh-leaf-171-_jpg.rf.76a2102fe6f4d8a144c4a606ec500d04.jpg, 0, 0, 1, 1, 0, 0
Black-Spot-19-_jpg.rf.742698bcb7d2391ca84b2a23df49a52a.jpg, 1, 0, 0, 0, 0, 1
Fresh-leaf-350-_jpg.rf.79c1150ab444c168acd97d8c5b4b13ad.jpg, 0, 0, 1, 1, 0, 0
Black-Spot-228-_jpg.rf.772557a99acde970dcee4f92c345acbc.jpg, 1, 0, 0, 0, 0, 1
Downy-Mildew-182-_jpg.rf.745b15fa9128ece337dba49b6a3dd1b0.jpg, 0, 1, 0, 0, 1, 0
Black-Spot-11-_jpg.rf.7c6f15a6e210a5fdfed2753bda892b90.jpg, 1, 0, 0, 0, 0, 1
Black-Spot-43-_jpg.rf.7e6e02e49f97c2573518df1d8aec927e.jpg, 1, 0, 0, 0, 0, 1
Black-Spot-305-_jpg.rf.7bbbdc3d993843c1e4a3b7c1b434ee8f.jpg, 1, 0, 0, 0, 0, 1
Black-Spot-100-_jpg.rf.7a57db335e968ea1fecc3f9b15eac7e2.jpg, 1, 0, 0, 0, 0, 1
Black-Spot-162-_jpg.rf.7a4939fc001dc7739a7fb09d9f5af506.jpg, 1, 0, 0, 0, 0, 1
Fresh-leaf-237-_jpg.rf.7a82b53a09866b0277df3534a2bcb9df.jpg, 0, 0, 1, 1, 0, 0
Black-Spot-131-_jpg.rf.7b1001d71637948cb868d170829a66a6.jpg, 1, 0, 0, 0, 0, 1
Fresh-leaf-250-_jpg.rf.7ffb1b9296c43c21eb446dc26f7306b8.jpg, 0, 0, 1, 1, 0, 0
Black-Spot-223-_jpg.rf.8006e27353004797a8dd33d1d52822fd.jpg, 1, 0, 0, 0, 0, 1
Black-Spot-315-_jpg.rf.7f1637dd0a5a5da40abe66bcab98f300.jpg, 1, 0, 0, 0, 0, 1
Black-Spot-217-_jpg.rf.7b58e3d75ba487eef5f32025ace33a9b.jpg, 1, 0, 0, 0, 0, 1
Fresh-leaf-26-_jpg.rf.81ecc86f80d00559a612d6ebe139e408.jpg, 0, 0, 1, 1, 0, 0
Fresh-leaf-377-_jpg.rf.82ff228ee79ad273f6ed9f4ace52ca35.jpg, 0, 0, 1, 1, 0, 0
Fresh-leaf-86-_jpg.rf.87614a475551f4d2582f7d9fab7d4a8a.jpg, 0, 0, 1, 1, 0, 0
Downy-Mildew-153-_jpg.rf.84b0e8e58e0842d479d2e2d612d82a6a.jpg, 0, 1, 0, 0, 1, 0
Fresh-leaf-354-_jpg.rf.807462e696c06e17273835bde91ec07a.jpg, 0, 0, 1, 1, 0, 0
Fresh-leaf-10-_jpg.rf.818ebde46ca05c45da6f87c1f65b8b8d.jpg, 0, 0, 1, 1, 0, 0
Fresh-leaf-150-_jpg.rf.8476ee97b35c37635939f1b01a2da24b.jpg, 0, 0, 1, 1, 0, 0
Fresh-leaf-4-_jpg.rf.857eee720aedf9bfb3827fd561e2b807.jpg, 0, 0, 1, 1, 0, 0
Downy-Mildew-73-_jpg.rf.82d3e5eb10126b34bea65d688a7eff8a.jpg, 0, 1, 0, 0, 1, 0
Black-Spot-165-_jpg.rf.82fe187420df201eed2ff3ece6b418dd.jpg, 1, 0, 0, 0, 0, 1
Black-Spot-226-_jpg.rf.805d291a289c16a2d92f1c3e5c169dbd.jpg, 1, 0, 0, 0, 0, 1
Downy-Mildew-72-_jpg.rf.7c8022d58d06ea0e2b0a4c78c153515f.jpg, 0, 1, 0, 0, 1, 0
Fresh-leaf-24-_jpg.rf.86a66c2c87e19d3ba192835327a7bb89.jpg, 0, 0, 1, 1, 0, 0
Fresh-leaf-272-_jpg.rf.80cba6d85e1f85af67d0cc5476bba0be.jpg, 0, 0, 1, 1, 0, 0
Black-Spot-178-_jpg.rf.86ba21e470e605effcbc59cf0b8d19c2.jpg, 1, 0, 0, 0, 0, 1
Fresh-leaf-163-_jpg.rf.89619c3c0824a2aad74f253916b059b5.jpg, 0, 0, 1, 1, 0, 0
Fresh-leaf-281-_jpg.rf.8035cfaaa6f56f768ea9b1a4aa28b023.jpg, 0, 0, 1, 1, 0, 0
Fresh-leaf-215-_jpg.rf.8914a19b2f3ddaa3ce0eb95168903386.jpg, 0, 0, 1, 1, 0, 0
Downy-Mildew-123-_jpg.rf.8990832f3ad39dbf219d648884434069.jpg, 0, 1, 0, 0, 1, 0
Fresh-leaf-332-_jpg.rf.876854cf4968d25011e84976b33f11fc.jpg, 0, 0, 1, 1, 0, 0
Fresh-leaf-319-_jpg.rf.824f1aeab4d7c1f7a1a9f3c954700689.jpg, 0, 0, 1, 1, 0, 0
Downy-Mildew-44-_jpg.rf.8b56e4c33ec0eb580f69a86e6316a50b.jpg, 0, 1, 0, 0, 1, 0
Black-Spot-67-_jpg.rf.87720f05090292c1ccc5456dc6c28093.jpg, 1, 0, 0, 0, 0, 1
Downy-Mildew-45-_jpg.rf.8237becd5f6ffbc9cc988def2d14061f.jpg, 0, 1, 0, 0, 1, 0
Fresh-leaf-220-_jpg.rf.8ad885ea84c6c7c4ca1a842f5245e23a.jpg, 0, 0, 1, 1, 0, 0
Black-Spot-9-_jpg.rf.8bc8eb9b1aada2fb5bb5ad0f2a9a2fef.jpg, 1, 0, 0, 0, 0, 1
Black-Spot-89-_jpg.rf.8a4a7e66fe6f0d53661d73040a78322c.jpg, 1, 0, 0, 0, 0, 1
Fresh-leaf-34-_jpg.rf.8a34816749fc25c4d105a318bd3fb441.jpg, 0, 0, 1, 1, 0, 0
Downy-Mildew-174-_jpg.rf.7a686c3e910f1efb4d907f857c37bd42.jpg, 0, 1, 0, 0, 1, 0
Black-Spot-72-_jpg.rf.806be88b88947453dda376d0f58f44d1.jpg, 1, 0, 0, 0, 0, 1
Downy-Mildew-97-_jpg.rf.8c056293f1532bb85ac095fab5e51f6d.jpg, 0, 1, 0, 0, 1, 0
Black-Spot-39-_jpg.rf.8bd72198d659b5ce0be5f47a1d3cf553.jpg, 1, 0, 0, 0, 0, 1
Fresh-leaf-227-_jpg.rf.8cfbb7a0274e605808d2dc20731aa71c.jpg, 0, 0, 1, 1, 0, 0
Fresh-leaf-402-_jpg.rf.8d2aa4a856a82d4694043dab016c016e.jpg, 0, 0, 1, 1, 0, 0
Fresh-leaf-226-_jpg.rf.8f1d931a3cf68c19344ff956ecffd5d1.jpg, 0, 0, 1, 1, 0, 0
Black-Spot-2-_jpg.rf.8daa6b2433057201ebf5dc52369b69c1.jpg, 1, 0, 0, 0, 0, 1
Black-Spot-196-_jpg.rf.8de73aa6157ebf66bb5b7c2b908ce079.jpg, 1, 0, 0, 0, 0, 1
Downy-Mildew-197-_jpg.rf.8c481dd39a247d34860b2a581a977086.jpg, 0, 1, 0, 0, 1, 0
Black-Spot-74-_jpg.rf.8db75e939649faee737bff8efe0adb1f.jpg, 1, 0, 0, 0, 0, 1
Fresh-leaf-147-_jpg.rf.8e5f41a21166e2ff4116a7a17d0152fb.jpg, 0, 0, 1, 1, 0, 0
Fresh-leaf-8-_jpg.rf.8ecaeafb4e5fc2e180e74d8ddf12f661.jpg, 0, 0, 1, 1, 0, 0
Black-Spot-269-_jpg.rf.8e83437531942518b3d889797e6b2647.jpg, 1, 0, 0, 0, 0, 1
Black-Spot-65-_jpg.rf.8f06f46086247674a7863a387e313bec.jpg, 1, 0, 0, 0, 0, 1
Downy-Mildew-83-_jpg.rf.8f9933a2c24155cd83f661f3b31b93ce.jpg, 0, 1, 0, 0, 1, 0
Downy-Mildew-136-_jpg.rf.90219aeb90af1066d0354aa9f7d18716.jpg, 0, 1, 0, 0, 1, 0
Fresh-leaf-137-_jpg.rf.8dbd7948bc46c30ac44b94167330d1e5.jpg, 0, 0, 1, 1, 0, 0
Downy-Mildew-189-_jpg.rf.912ef19d12bbad41ae089b70a94f550e.jpg, 0, 1, 0, 0, 1, 0
Downy-Mildew-161-_jpg.rf.9257c4355ac6c1423470b0b35cacd71b.jpg, 0, 1, 0, 0, 1, 0
Fresh-leaf-27-_jpg.rf.8d933ffb0c427ff0d502fb7109a8972f.jpg, 0, 0, 1, 1, 0, 0
Fresh-leaf-129-_jpg.rf.91ddf14db317260392710b1b1abd97f3.jpg, 0, 0, 1, 1, 0, 0
Fresh-leaf-121-_jpg.rf.8ff95b401276a6948ba40c9d79626c75.jpg, 0, 0, 1, 1, 0, 0
Fresh-leaf-21-_jpg.rf.9417dc67d7dbcd248f433c8e2a574c8b.jpg, 0, 0, 1, 1, 0, 0
Fresh-leaf-240-_jpg.rf.90ab2ab2a91a8e9e2788e4f41915666d.jpg, 0, 0, 1, 1, 0, 0
Black-Spot-164-_jpg.rf.956bcfd223628858cd7f2710491849cd.jpg, 1, 0, 0, 0, 0, 1
Downy-Mildew-48-_jpg.rf.97d4bad4529bf2f675e75b41ac1cd909.jpg, 0, 1, 0, 0, 1, 0
Fresh-leaf-305-_jpg.rf.90aafb54a31ce272da413a6bf8f5e1c2.jpg, 0, 0, 1, 1, 0, 0
Black-Spot-23-_jpg.rf.958f183226430d76aa84d9f27ff5c828.jpg, 1, 0, 0, 0, 0, 1
Fresh-leaf-218-_jpg.rf.95a9127eea986d48cc8749f4ae4662ef.jpg, 0, 0, 1, 1, 0, 0
Black-Spot-298-_jpg.rf.962cf43c0c1c9fceae19959525bbcf48.jpg, 1, 0, 0, 0, 0, 1
Black-Spot-69-_jpg.rf.90b8230bed4e753067a7e4c82d7e1d1d.jpg, 1, 0, 0, 0, 0, 1
Black-Spot-40-_jpg.rf.987c2ebeda702ccfb31145de96e9cf64.jpg, 1, 0, 0, 0, 0, 1
Fresh-leaf-18-_jpg.rf.98cc36f882025dcd589dee4fa6840bc8.jpg, 0, 0, 1, 1, 0, 0
Black-Spot-170-_jpg.rf.8fb79bf068212d3e1b4e1849b9bf3ac5.jpg, 1, 0, 0, 0, 0, 1
Downy-Mildew-39-_jpg.rf.9d64107624ce658a0e950e4b6a7e10d5.jpg, 0, 1, 0, 0, 1, 0
Black-Spot-195-_jpg.rf.997379983ca8b2c903d3798b85d7276d.jpg, 1, 0, 0, 0, 0, 1
Downy-Mildew-18-_jpg.rf.95721ec54f1111f8994b2ff7b329a6af.jpg, 0, 1, 0, 0, 1, 0
Downy-Mildew-47-_jpg.rf.9a74d135818f88eadde3651c9d1e3c6c.jpg, 0, 1, 0, 0, 1, 0
Black-Spot-90-_jpg.rf.9eed83f0974a302b61b32ecaaaa941a1.jpg, 1, 0, 0, 0, 0, 1
Black-Spot-108-_jpg.rf.a2eb864613340ebec8d8bdda59afa360.jpg, 1, 0, 0, 0, 0, 1
Fresh-leaf-15-_jpg.rf.a16995fa1df1b029cd9662bf9a3eda18.jpg, 0, 0, 1, 1, 0, 0
Downy-Mildew-107-_jpg.rf.a0885753464c55bdf9a266008734b176.jpg, 0, 1, 0, 0, 1, 0
Black-Spot-30-_jpg.rf.99e10cfdfe8b8fb9b9912ceaf504914d.jpg, 1, 0, 0, 0, 0, 1
Downy-Mildew-104-_jpg.rf.a305676afc0c9397bdd94737a6020d04.jpg, 0, 1, 0, 0, 1, 0
Fresh-leaf-388-_jpg.rf.9c1688ea216e0812161098206de36919.jpg, 0, 0, 1, 1, 0, 0
Black-Spot-314-_jpg.rf.a168bf7e0f60792ef6925c763112df6d.jpg, 1, 0, 0, 0, 0, 1
Fresh-leaf-360-_jpg.rf.a15cc47a1b35d34df19f6fe27b97bfd3.jpg, 0, 0, 1, 1, 0, 0
Fresh-leaf-324-_jpg.rf.a074409e5441cf2ba3b5fb908a2b58a8.jpg, 0, 0, 1, 1, 0, 0
Fresh-leaf-329-_jpg.rf.a21d4444cb351211c1007bcf9ece2ff0.jpg, 0, 0, 1, 1, 0, 0
Fresh-leaf-181-_jpg.rf.9f0359f33aaa1788e54ba26e8a35a950.jpg, 0, 0, 1, 1, 0, 0
Fresh-leaf-178-_jpg.rf.a232a07d65b9420ffd078c109148dc2a.jpg, 0, 0, 1, 1, 0, 0
Fresh-leaf-114-_jpg.rf.9ce07d20bd37288b6258955a98cb7957.jpg, 0, 0, 1, 1, 0, 0
Black-Spot-273-_jpg.rf.9e60604e624ded553024e2feb0e6e324.jpg, 1, 0, 0, 0, 0, 1
Downy-Mildew-103-_jpg.rf.a3517dbaae66d8770d65025620fdf601.jpg, 0, 1, 0, 0, 1, 0
Downy-Mildew-180-_jpg.rf.a28e0130011f80279c3053cae9ebe38e.jpg, 0, 1, 0, 0, 1, 0
Fresh-leaf-100-_jpg.rf.a3b2c869ad04b08a2e08b1bd9d2ef696.jpg, 0, 0, 1, 1, 0, 0
Black-Spot-158-_jpg.rf.a127f9217407387690dfc73cd3bb80a5.jpg, 1, 0, 0, 0, 0, 1
Fresh-leaf-111-_jpg.rf.a0095590e26c03961a0e503d174290e2.jpg, 0, 0, 1, 1, 0, 0
Black-Spot-18-_jpg.rf.03c0686bca4128feb49ef4310a54743c.jpg, 1, 0, 0, 0, 0, 1
Fresh-leaf-82-_jpg.rf.04a2426cf98e872f33de6c1f6031e157.jpg, 0, 0, 1, 1, 0, 0
Fresh-leaf-176-_jpg.rf.00f5affac56622ae1916130a6c760fc4.jpg, 0, 0, 1, 1, 0, 0
Fresh-leaf-122-_jpg.rf.0278ae3e8862a8b78cb059c8f3f11f08.jpg, 0, 0, 1, 1, 0, 0
Fresh-leaf-142-_jpg.rf.01ad39214cdb0d14e20d97ec9f9d7b46.jpg, 0, 0, 1, 1, 0, 0
Downy-Mildew-62-_jpg.rf.044b080e736dde5135d740eaee7de36f.jpg, 0, 1, 0, 0, 1, 0
Fresh-leaf-374-_jpg.rf.01abbf0baeaf0cc58ed0d61321ec2bff.jpg, 0, 0, 1, 1, 0, 0
Downy-Mildew-46-_jpg.rf.01b706af7800d47fbd8fd418532b67f9.jpg, 0, 1, 0, 0, 1, 0
Fresh-leaf-283-_jpg.rf.046da42248cea8959184fe5016bc18b0.jpg, 0, 0, 1, 1, 0, 0
Black-Spot-139-_jpg.rf.043f4c9f457348ffb76901b7b63d4cc7.jpg, 1, 0, 0, 0, 0, 1
Downy-Mildew-56-_jpg.rf.04e66a42d009e98542565f0690ee28ee.jpg, 0, 1, 0, 0, 1, 0
Black-Spot-203-_jpg.rf.03515a3c3d944aca8180bb93919ea878.jpg, 1, 0, 0, 0, 0, 1
Black-Spot-124-_jpg.rf.05e3ef4127395b7b9e46e95e140d838c.jpg, 1, 0, 0, 0, 0, 1
Black-Spot-132-_jpg.rf.02d6fe85dbcf068549d97c3b11c24353.jpg, 1, 0, 0, 0, 0, 1
Downy-Mildew-106-_jpg.rf.0594042b663d499709f406850ed3e559.jpg, 0, 1, 0, 0, 1, 0
Fresh-leaf-373-_jpg.rf.0512ea27c2e2caa905407d1c82e1da46.jpg, 0, 0, 1, 1, 0, 0
Fresh-leaf-318-_jpg.rf.05ec1b414a5211e4c0948983e03f59b3.jpg, 0, 0, 1, 1, 0, 0
Fresh-leaf-22-_jpg.rf.0642efffe213ad28616007471278b37c.jpg, 0, 0, 1, 1, 0, 0
Fresh-leaf-133-_jpg.rf.089c1033449f94f7c756fc64985765b9.jpg, 0, 0, 1, 1, 0, 0
Fresh-leaf-179-_jpg.rf.05f0c48243ca6a54060d1df2d758cee6.jpg, 0, 0, 1, 1, 0, 0
Fresh-leaf-381-_jpg.rf.09253d9862b114766ccd9258509d1910.jpg, 0, 0, 1, 1, 0, 0
Downy-Mildew-184-_jpg.rf.06d3a2d13a7d8c98e451c03eceea9391.jpg, 0, 1, 0, 0, 1, 0
Fresh-leaf-30-_jpg.rf.07ea735a8dec2b98ce295f4c0f2f8b7f.jpg, 0, 0, 1, 1, 0, 0
Downy-Mildew-167-_jpg.rf.076eeadd11b4c978f5e214ec4c1bd9c3.jpg, 0, 1, 0, 0, 1, 0
Black-Spot-78-_jpg.rf.08913e669d8d68122a4b13eeedb7faac.jpg, 1, 0, 0, 0, 0, 1
Fresh-leaf-397-_jpg.rf.08eb79914a4979ac115f6d0c5e881ba9.jpg, 0, 0, 1, 1, 0, 0
Downy-Mildew-172-_jpg.rf.0a13367a1058da969d904d0f9bc2228f.jpg, 0, 1, 0, 0, 1, 0
Fresh-leaf-153-_jpg.rf.0ba32be1bc13039cfbd50dd13537ce5b.jpg, 0, 0, 1, 1, 0, 0
Downy-Mildew-116-_jpg.rf.072832fe78678fa33dd4d08e7b2baa51.jpg, 0, 1, 0, 0, 1, 0
Fresh-leaf-289-_jpg.rf.0d7d73d940926021b191d9665e741101.jpg, 0, 0, 1, 1, 0, 0
Black-Spot-277-_jpg.rf.0672865097ae35562abcfd631ece9240.jpg, 1, 0, 0, 0, 0, 1
Fresh-leaf-364-_jpg.rf.0c68dd49968bf4e8a01cb55e620014f1.jpg, 0, 0, 1, 1, 0, 0
Fresh-leaf-127-_jpg.rf.08688d6750febbebb9465c763cbd1f6e.jpg, 0, 0, 1, 1, 0, 0
Black-Spot-149-_jpg.rf.0cf9887bef00280693d6bb459f66a0f3.jpg, 1, 0, 0, 0, 0, 1
Fresh-leaf-253-_jpg.rf.07f77e5bc8b7d39298cbb37765d7efc4.jpg, 0, 0, 1, 1, 0, 0
Downy-Mildew-178-_jpg.rf.0a0b92129792f4e3b30e4414f19d5e67.jpg, 0, 1, 0, 0, 1, 0
Black-Spot-4-_jpg.rf.0b34c729ce2ebdc964227827351154cb.jpg, 1, 0, 0, 0, 0, 1
Downy-Mildew-149-_jpg.rf.06e125521ca1d44d3060660b0987e9a8.jpg, 0, 1, 0, 0, 1, 0
Fresh-leaf-330-_jpg.rf.0ac809ef66ef9813a8f36607c0288825.jpg, 0, 0, 1, 1, 0, 0
Fresh-leaf-348-_jpg.rf.0beb1248cdc5316a06551e4d4f9d8dc9.jpg, 0, 0, 1, 1, 0, 0
Downy-Mildew-91-_jpg.rf.0a2c0ab7262279411c9fce07b02d5153.jpg, 0, 1, 0, 0, 1, 0
Black-Spot-94-_jpg.rf.0dcdebc14143f2e7a3143e126f219773.jpg, 1, 0, 0, 0, 0, 1
Black-Spot-304-_jpg.rf.0d8a708d5be424c931a33756396588fc.jpg, 1, 0, 0, 0, 0, 1
Downy-Mildew-76-_jpg.rf.0e3d58354adb82652f01246db3215772.jpg, 0, 1, 0, 0, 1, 0
Fresh-leaf-38-_jpg.rf.0e74c36d85f35b1aaae8ec9c3f384b2a.jpg, 0, 0, 1, 1, 0, 0
Black-Spot-256-_jpg.rf.0ef07c8a51f07c0b6ab8dfbeba76f371.jpg, 1, 0, 0, 0, 0, 1
Downy-Mildew-40-_jpg.rf.0eef45508cc367d67dfb06144f4a6075.jpg, 0, 1, 0, 0, 1, 0
Fresh-leaf-213-_jpg.rf.0ec43e066797ec04f41b762dbac5ebec.jpg, 0, 0, 1, 1, 0, 0
Fresh-leaf-124-_jpg.rf.0f4c0d1e1660c629b29c54cd36f8e509.jpg, 0, 0, 1, 1, 0, 0
Fresh-leaf-136-_jpg.rf.0f2dd0101f43f650ad3bdf406bf45bbe.jpg, 0, 0, 1, 1, 0, 0
Black-Spot-101-_jpg.rf.12f30ef8ddd811e704c0e53606bf4b35.jpg, 1, 0, 0, 0, 0, 1
Fresh-leaf-385-_jpg.rf.119e6cd64999d5f49d3cbaec108b48f7.jpg, 0, 0, 1, 1, 0, 0
Downy-Mildew-110-_jpg.rf.105a21b52b00eaed6833132645417e8b.jpg, 0, 1, 0, 0, 1, 0
Downy-Mildew-20-_jpg.rf.11bd037f724ef1a98d1dd445afe69cb7.jpg, 0, 1, 0, 0, 1, 0
Fresh-leaf-197-_jpg.rf.12f8843d32c43a1cd8f51bb2d557ff59.jpg, 0, 0, 1, 1, 0, 0
Downy-Mildew-155-_jpg.rf.1414fff64de49d4d040f164bc6329da5.jpg, 0, 1, 0, 0, 1, 0
Fresh-leaf-241-_jpg.rf.13a289195af3d0036b5d37400a76b7f7.jpg, 0, 0, 1, 1, 0, 0
Fresh-leaf-271-_jpg.rf.1206dd71d6dc3d6b89acd05f4bc7fe8f.jpg, 0, 0, 1, 1, 0, 0
Fresh-leaf-151-_jpg.rf.19c9e242e2a19d1540a48e4689b6d82b.jpg, 0, 0, 1, 1, 0, 0
Fresh-leaf-41-_jpg.rf.1937588c2fcbe96966eb6021e4e74d2c.jpg, 0, 0, 1, 1, 0, 0
Black-Spot-85-_jpg.rf.1802a9bcfc0a9026530d8641669b4127.jpg, 1, 0, 0, 0, 0, 1
Fresh-leaf-9-_jpg.rf.159353dd197d72b49b8e8702a665fdb3.jpg, 0, 0, 1, 1, 0, 0
Fresh-leaf-357-_jpg.rf.1082f55fa3f45a7fe96b070ba24442b7.jpg, 0, 0, 1, 1, 0, 0
Downy-Mildew-36-_jpg.rf.1b9e9c361e7e4ebad84c54dd67f54f8b.jpg, 0, 1, 0, 0, 1, 0
Fresh-leaf-225-_jpg.rf.18165e95006d2547674208c5445ba9cd.jpg, 0, 0, 1, 1, 0, 0
Fresh-leaf-115-_jpg.rf.120da0329c9a718c03344e6edb72408a.jpg, 0, 0, 1, 1, 0, 0
Fresh-leaf-69-_jpg.rf.1a6f47835747194b6bcfbfd3b8bf4788.jpg, 0, 0, 1, 1, 0, 0
Fresh-leaf-161-_jpg.rf.19d6b58474e534a0689d1c695c2c8360.jpg, 0, 0, 1, 1, 0, 0
Downy-Mildew-159-_jpg.rf.1b084dedd2138e1b93a0acc854631352.jpg, 0, 1, 0, 0, 1, 0
Fresh-leaf-323-_jpg.rf.18816a7232f55977b7f0b291d2f169d4.jpg, 0, 0, 1, 1, 0, 0
Black-Spot-172-_jpg.rf.1c850f2ad653df9de93d454fe01392da.jpg, 1, 0, 0, 0, 0, 1
Black-Spot-161-_jpg.rf.1433f21ec8dbd6c41ee07c6e6b0b8227.jpg, 1, 0, 0, 0, 0, 1
Fresh-leaf-42-_jpg.rf.1d7c13e278d6006386e35423f4d054bc.jpg, 0, 0, 1, 1, 0, 0
Downy-Mildew-144-_jpg.rf.19f0e4e93bda34dc1bdd518f8e8cbb7e.jpg, 0, 1, 0, 0, 1, 0
Fresh-leaf-146-_jpg.rf.1bff5717a1141aada87b62b35de1e3ec.jpg, 0, 0, 1, 1, 0, 0
Fresh-leaf-36-_jpg.rf.17e0e79675574094880a330a0241f8e3.jpg, 0, 0, 1, 1, 0, 0
Fresh-leaf-258-_jpg.rf.19f6df4222ddc35371c334b29dd65e4d.jpg, 0, 0, 1, 1, 0, 0
Fresh-leaf-48-_jpg.rf.162e4669a00cd65f0185094fbaf657da.jpg, 0, 0, 1, 1, 0, 0
Fresh-leaf-401-_jpg.rf.1c7deddede025e321b7dd5c26557b546.jpg, 0, 0, 1, 1, 0, 0
Fresh-leaf-166-_jpg.rf.1c75160a21a88c120da55399b880558a.jpg, 0, 0, 1, 1, 0, 0
Downy-Mildew-42-_jpg.rf.1de3f27ab6218a7d5824d1e20eef37aa.jpg, 0, 1, 0, 0, 1, 0
Fresh-leaf-327-_jpg.rf.20bf3c8572266dc5f29dbfd3733c3595.jpg, 0, 0, 1, 1, 0, 0
Black-Spot-137-_jpg.rf.1e5b6e5deb76269f6fad3d5f01398257.jpg, 1, 0, 0, 0, 0, 1
Fresh-leaf-12-_jpg.rf.236eef49eb1b73443827a9d308e67c38.jpg, 0, 0, 1, 1, 0, 0
Fresh-leaf-71-_jpg.rf.2153fc30f64fba39cdddacba3f13d5ae.jpg, 0, 0, 1, 1, 0, 0
Fresh-leaf-320-_jpg.rf.22d1b777d813c8589f46e8c65a069c7b.jpg, 0, 0, 1, 1, 0, 0
Fresh-leaf-267-_jpg.rf.1dff3504577156b9793b94f04a27ce80.jpg, 0, 0, 1, 1, 0, 0
Downy-Mildew-4-_jpg.rf.270b8409d61482144fb42c1af797e796.jpg, 0, 1, 0, 0, 1, 0
Black-Spot-54-_jpg.rf.1f5a8ce8fbea6f37840dcbaf501921e9.jpg, 1, 0, 0, 0, 0, 1
Fresh-leaf-159-_jpg.rf.2105d96178869b1e7a3b8385a07a6da7.jpg, 0, 0, 1, 1, 0, 0
Black-Spot-106-_jpg.rf.245e43b9a830c2d7913be114a9aa5747.jpg, 1, 0, 0, 0, 0, 1
Black-Spot-103-_jpg.rf.283734cc5feec79494465a41445eb3b1.jpg, 1, 0, 0, 0, 0, 1
Downy-Mildew-74-_jpg.rf.22172b477b8f7dd82ee317b7df5a6b0f.jpg, 0, 1, 0, 0, 1, 0
Downy-Mildew-34-_jpg.rf.24f8680bd3a9df625480821a850be3d5.jpg, 0, 1, 0, 0, 1, 0
Downy-Mildew-193-_jpg.rf.22e057718f3b42a7a03a90f3d3dcd0b6.jpg, 0, 1, 0, 0, 1, 0
Black-Spot-299-_jpg.rf.281cceece0eab5a115b33b4ae908a2de.jpg, 1, 0, 0, 0, 0, 1
Downy-Mildew-6-_jpg.rf.28898b701b5c58c26f08784179256420.jpg, 0, 1, 0, 0, 1, 0
Black-Spot-287-_jpg.rf.2717aedb8e1f654c5cc85e1a2a5c41c6.jpg, 1, 0, 0, 0, 0, 1
Fresh-leaf-252-_jpg.rf.2840fced069e711f2e88f2694ac06bed.jpg, 0, 0, 1, 1, 0, 0
Downy-Mildew-54-_jpg.rf.1d8f4cb75214e6926bd3565d1c751bc4.jpg, 0, 1, 0, 0, 1, 0
Fresh-leaf-331-_jpg.rf.2783be38f5a192b2cc2690f69d3a4cc9.jpg, 0, 0, 1, 1, 0, 0
Downy-Mildew-165-_jpg.rf.27020994e957193e6f71b6906f7053bc.jpg, 0, 1, 0, 0, 1, 0
Black-Spot-73-_jpg.rf.24e1a3976b4d561f158f147d94232cf1.jpg, 1, 0, 0, 0, 0, 1
Fresh-leaf-265-_jpg.rf.2308abd922f5d4ce1ea7dd992702064e.jpg, 0, 0, 1, 1, 0, 0
Downy-Mildew-51-_jpg.rf.288c7f256e46d94f2da218f78b8f5ddd.jpg, 0, 1, 0, 0, 1, 0
Downy-Mildew-50-_jpg.rf.2aed388e69a4f7c5bb6394c251948c09.jpg, 0, 1, 0, 0, 1, 0
Black-Spot-276-_jpg.rf.2911700309b44e26a4c8b52c732e6dc0.jpg, 1, 0, 0, 0, 0, 1
Fresh-leaf-13-_jpg.rf.290a036a97a0fe6d51e81396985285e0.jpg, 0, 0, 1, 1, 0, 0
Downy-Mildew-177-_jpg.rf.2bf2723193d2c6031965de880550599b.jpg, 0, 1, 0, 0, 1, 0
Downy-Mildew-128-_jpg.rf.2905988f0f5dca89a824d60dab79c1d6.jpg, 0, 1, 0, 0, 1, 0
Fresh-leaf-325-_jpg.rf.2c036726e6e798bc1a1d6ce6cb989cb2.jpg, 0, 0, 1, 1, 0, 0
Fresh-leaf-212-_jpg.rf.2dfa264819da2818bcc68fc045617ea7.jpg, 0, 0, 1, 1, 0, 0
Fresh-leaf-75-_jpg.rf.322cfbc424ae581c7af32190008697bb.jpg, 0, 0, 1, 1, 0, 0
Black-Spot-163-_jpg.rf.232a07da992c150eba8c6570b5239100.jpg, 1, 0, 0, 0, 0, 1
Downy-Mildew-143-_jpg.rf.2d76f986fb246d58613d5207edb1c9c7.jpg, 0, 1, 0, 0, 1, 0
Downy-Mildew-13-_jpg.rf.2edb52668b7dfa8d16c3a786acce4e4d.jpg, 0, 1, 0, 0, 1, 0
Fresh-leaf-50-_jpg.rf.2fbc43dff6f4134687d7692a4934c8db.jpg, 0, 0, 1, 1, 0, 0
Downy-Mildew-32-_jpg.rf.31abeb74e772dda502d7e3cf37f74b2c.jpg, 0, 1, 0, 0, 1, 0
Black-Spot-46-_jpg.rf.2ecd684e47b57621a34b62a37dc41655.jpg, 1, 0, 0, 0, 0, 1
Fresh-leaf-302-_jpg.rf.31f4e4cb26401494b33b1ad8076fcf7d.jpg, 0, 0, 1, 1, 0, 0
Black-Spot-151-_jpg.rf.2e42af6e282b6116be4b7ead350a3aa3.jpg, 1, 0, 0, 0, 0, 1
Black-Spot-219-_jpg.rf.2d9de09ace152bcaddedab2ee5f9d3ef.jpg, 1, 0, 0, 0, 0, 1
Fresh-leaf-321-_jpg.rf.2e4b997eab3453abb2f8c823077c53ee.jpg, 0, 0, 1, 1, 0, 0
Downy-Mildew-147-_jpg.rf.32b7f5eda8f8dd3b89cf4ed12732ae4d.jpg, 0, 1, 0, 0, 1, 0
Black-Spot-211-_jpg.rf.30dd84aa82a0c6cbb7ca8be00b399925.jpg, 1, 0, 0, 0, 0, 1
Black-Spot-105-_jpg.rf.34f9ce720660f07ad55555311b5ee0d4.jpg, 1, 0, 0, 0, 0, 1
Fresh-leaf-175-_jpg.rf.2e83342bf88a4332ddbe4136db1fb543.jpg, 0, 0, 1, 1, 0, 0
Downy-Mildew-9-_jpg.rf.33dfe6c7b018f98be73ffeda27e00097.jpg, 0, 1, 0, 0, 1, 0
Fresh-leaf-229-_jpg.rf.34b7d0bc22bf4cefe67388131779a0a1.jpg, 0, 0, 1, 1, 0, 0
Downy-Mildew-102-_jpg.rf.33201df26907464b368ae1caeb484e98.jpg, 0, 1, 0, 0, 1, 0
Downy-Mildew-43-_jpg.rf.29b4c7507ca6cb2ccf041a10036c7e04.jpg, 0, 1, 0, 0, 1, 0
Downy-Mildew-75-_jpg.rf.342f0fa449f46998f6e4765b68903914.jpg, 0, 1, 0, 0, 1, 0
Fresh-leaf-167-_jpg.rf.35db5d6b1e7f04f55233a913df4a4ab3.jpg, 0, 0, 1, 1, 0, 0
Fresh-leaf-211-_jpg.rf.2cdc834e486ef064afdc31c68ed770f6.jpg, 0, 0, 1, 1, 0, 0
Downy-Mildew-89-_jpg.rf.37fa5e5810e107cfe401f9da6a1cec24.jpg, 0, 1, 0, 0, 1, 0
Downy-Mildew-135-_jpg.rf.3508f0668f77025506f0cc4e57ee5342.jpg, 0, 1, 0, 0, 1, 0
Fresh-leaf-279-_jpg.rf.37849ea3ab3c8d992d30ff05299a7f29.jpg, 0, 0, 1, 1, 0, 0
Fresh-leaf-390-_jpg.rf.365d904ceeb5702f4987b8a3ac715c7b.jpg, 0, 0, 1, 1, 0, 0
Fresh-leaf-46-_jpg.rf.3559420d190001a391cef56160babb74.jpg, 0, 0, 1, 1, 0, 0
Fresh-leaf-303-_jpg.rf.2d68bc489332d26ae596c947be3366d8.jpg, 0, 0, 1, 1, 0, 0
Fresh-leaf-56-_jpg.rf.37c004d637850df909dcc2b701588a04.jpg, 0, 0, 1, 1, 0, 0
Black-Spot-95-_jpg.rf.35f4be1347324bb1bb836192b462a459.jpg, 1, 0, 0, 0, 0, 1
Black-Spot-28-_jpg.rf.3b84b2483b2dd1fedd521b225a5b5d8a.jpg, 1, 0, 0, 0, 0, 1
Fresh-leaf-286-_jpg.rf.3b4acc945b03447c27a435bd7d389375.jpg, 0, 0, 1, 1, 0, 0
Fresh-leaf-155-_jpg.rf.3bdbecf5266a20abc6cf24f435fab2eb.jpg, 0, 0, 1, 1, 0, 0
Black-Spot-114-_jpg.rf.39383242a4b0f3473521f20699bcceb2.jpg, 1, 0, 0, 0, 0, 1
Downy-Mildew-190-_jpg.rf.3abbef65b69652edc409fbc72664bf6e.jpg, 0, 1, 0, 0, 1, 0
Downy-Mildew-152-_jpg.rf.39a7bfeb6fcafe9404a4f81fd55811fb.jpg, 0, 1, 0, 0, 1, 0
Black-Spot-63-_jpg.rf.3cc397241abf44b730dac663a677ca5e.jpg, 1, 0, 0, 0, 0, 1
Black-Spot-104-_jpg.rf.34ce111a85dc3bc4fb04f8dd528aaad2.jpg, 1, 0, 0, 0, 0, 1
Black-Spot-21-_jpg.rf.3a658e9f0805553f6bfb13c4e8de6267.jpg, 1, 0, 0, 0, 0, 1
Black-Spot-82-_jpg.rf.3cd85fbd0369c4fb95cad03f9ea5730c.jpg, 1, 0, 0, 0, 0, 1
Fresh-leaf-375-_jpg.rf.3a69387c39394eb279af230fa03874cf.jpg, 0, 0, 1, 1, 0, 0
Fresh-leaf-81-_jpg.rf.3ab5b657f6435643bbbdd6a7442da71f.jpg, 0, 0, 1, 1, 0, 0
Black-Spot-144-_jpg.rf.3ae25b474ab14d6c91f624df9518e6b9.jpg, 1, 0, 0, 0, 0, 1
Fresh-leaf-160-_jpg.rf.3c3eb3dce1938865dc323c8c95d49134.jpg, 0, 0, 1, 1, 0, 0
Downy-Mildew-132-_jpg.rf.3cd4a5811e9f780406acbf3aef44e3d8.jpg, 0, 1, 0, 0, 1, 0
Fresh-leaf-152-_jpg.rf.3a42f1662c0d4c59ca62c205781a3963.jpg, 0, 0, 1, 1, 0, 0
Black-Spot-206-_jpg.rf.a72ba9518ed2c75a6fbb204624310a0e.jpg, 1, 0, 0, 0, 0, 1
Fresh-leaf-290-_jpg.rf.a65bffe417fc5f80843c65290b292884.jpg, 0, 0, 1, 1, 0, 0
Black-Spot-91-_jpg.rf.a6c921941a7ebaba674b8da5334c7895.jpg, 1, 0, 0, 0, 0, 1
Downy-Mildew-60-_jpg.rf.a3e8215b4cccf3bb6d634ceb9a077075.jpg, 0, 1, 0, 0, 1, 0
Fresh-leaf-128-_jpg.rf.a454a7220e738e74b8621cdba5be2861.jpg, 0, 0, 1, 1, 0, 0
Fresh-leaf-173-_jpg.rf.aa65f41d318533cf7a835e5ea8d97624.jpg, 0, 0, 1, 1, 0, 0
Downy-Mildew-65-_jpg.rf.ab0578934307c079d3da1e4441c15877.jpg, 0, 1, 0, 0, 1, 0
Black-Spot-61-_jpg.rf.acf0222d7a5a69f5eea145bd9b2b364c.jpg, 1, 0, 0, 0, 0, 1
Black-Spot-253-_jpg.rf.a8192cdd5c03cb5b37f023c1e9c40bac.jpg, 1, 0, 0, 0, 0, 1
Black-Spot-237-_jpg.rf.a96eed94fae94e645f3594e767aadee4.jpg, 1, 0, 0, 0, 0, 1
Black-Spot-245-_jpg.rf.acc937fe9dd98666e935962544b1e344.jpg, 1, 0, 0, 0, 0, 1
Downy-Mildew-41-_jpg.rf.a536353df3b8fa770c0970609f4d176e.jpg, 0, 1, 0, 0, 1, 0
Downy-Mildew-179-_jpg.rf.aa793b7f92ef59643a409f7b7724cc2e.jpg, 0, 1, 0, 0, 1, 0
Fresh-leaf-43-_jpg.rf.aacba6987dcbea89f04e0778f658aca0.jpg, 0, 0, 1, 1, 0, 0
Black-Spot-123-_jpg.rf.a64243e4318962174def0729efe4c851.jpg, 1, 0, 0, 0, 0, 1
Downy-Mildew-66-_jpg.rf.a5b31639838c096407cb9c3cd3a284e8.jpg, 0, 1, 0, 0, 1, 0
Fresh-leaf-90-_jpg.rf.a9d33d33bbf1bc607e26f56e29228a87.jpg, 0, 0, 1, 1, 0, 0
Black-Spot-84-_jpg.rf.ac3c48889ba60add32b3d0af74bcf773.jpg, 1, 0, 0, 0, 0, 1
Downy-Mildew-175-_jpg.rf.aba42796c05aef61ce4411e3d73ddede.jpg, 0, 1, 0, 0, 1, 0
Fresh-leaf-148-_jpg.rf.a8e1d962187fc0b22d7e5733d4fee45a.jpg, 0, 0, 1, 1, 0, 0
Black-Spot-155-_jpg.rf.a5cbe58274e64b88499e6b7d8c64e781.jpg, 1, 0, 0, 0, 0, 1
Fresh-leaf-341-_jpg.rf.a8011bb39a3c5255dedf0d64688c6f79.jpg, 0, 0, 1, 1, 0, 0
Black-Spot-218-_jpg.rf.acff8d8861d7464d46b208301af497b7.jpg, 1, 0, 0, 0, 0, 1
Fresh-leaf-201-_jpg.rf.aa70abc6a47afed491ca06719877a525.jpg, 0, 0, 1, 1, 0, 0
Fresh-leaf-309-_jpg.rf.af9f50ef9cb07b8ffbc7670b70fd81f8.jpg, 0, 0, 1, 1, 0, 0
Fresh-leaf-275-_jpg.rf.ade4eb856d271c7a2e71071ba4b2f73f.jpg, 0, 0, 1, 1, 0, 0
Fresh-leaf-16-_jpg.rf.b51b4dd5b6a0dbcf373d1d7f4e335c4c.jpg, 0, 0, 1, 1, 0, 0
Fresh-leaf-368-_jpg.rf.aed6b518fa8733cfceffe0353d75ba51.jpg, 0, 0, 1, 1, 0, 0
Black-Spot-247-_jpg.rf.b59f955625653a71eb2a5441e78a6f3b.jpg, 1, 0, 0, 0, 0, 1
Fresh-leaf-342-_jpg.rf.af9083be076e296c64e02e17caf2d0b7.jpg, 0, 0, 1, 1, 0, 0
Black-Spot-261-_jpg.rf.ad0d262398b202af3e54c8ddfcc46d70.jpg, 1, 0, 0, 0, 0, 1
Fresh-leaf-395-_jpg.rf.b0f406c0b7e6da447c1a80ad133f3021.jpg, 0, 0, 1, 1, 0, 0
Fresh-leaf-248-_jpg.rf.b378f11866ea6cc445646334c5eaf7f5.jpg, 0, 0, 1, 1, 0, 0
Fresh-leaf-335-_jpg.rf.b5c77ac576088b844557e1c0ca0f265d.jpg, 0, 0, 1, 1, 0, 0
Fresh-leaf-119-_jpg.rf.afb9cacc73562abaf6069cd7bc45524a.jpg, 0, 0, 1, 1, 0, 0
Downy-Mildew-99-_jpg.rf.b41203119658110192308491231a6228.jpg, 0, 1, 0, 0, 1, 0
Fresh-leaf-355-_jpg.rf.ad2deb6b53f1a3c4e34575ef418c7bf1.jpg, 0, 0, 1, 1, 0, 0
Fresh-leaf-356-_jpg.rf.b007f50257cc69b73fb4189811969901.jpg, 0, 0, 1, 1, 0, 0
Downy-Mildew-156-_jpg.rf.afedffe12e8cbbc837649524a4847568.jpg, 0, 1, 0, 0, 1, 0
Fresh-leaf-31-_jpg.rf.b727fb0449c0f666a844a94c725583bb.jpg, 0, 0, 1, 1, 0, 0
Fresh-leaf-1-_jpg.rf.ad12ba394cdd2dec45d630ee50ce7336.jpg, 0, 0, 1, 1, 0, 0
Fresh-leaf-382-_jpg.rf.b51c1a32bb445dd2b5716be500047887.jpg, 0, 0, 1, 1, 0, 0
Fresh-leaf-315-_jpg.rf.b6f1813788d883d29451140d5a74a619.jpg, 0, 0, 1, 1, 0, 0
Fresh-leaf-68-_jpg.rf.b876fa6cee58839708a66be249a54772.jpg, 0, 0, 1, 1, 0, 0
Black-Spot-193-_jpg.rf.a5b6e49628a1f4ea9e0736a661ab013c.jpg, 1, 0, 0, 0, 0, 1
Downy-Mildew-52-_jpg.rf.b3159ecb20231854adb80c8587970ce4.jpg, 0, 1, 0, 0, 1, 0
Downy-Mildew-125-_jpg.rf.b3ea4a4f65c03ac3798802097bd08b46.jpg, 0, 1, 0, 0, 1, 0
Downy-Mildew-154-_jpg.rf.b8793411d426d8448f88e5dc29fa318b.jpg, 0, 1, 0, 0, 1, 0
Fresh-leaf-393-_jpg.rf.b62cf2577c395fc1a1523fdb0e257192.jpg, 0, 0, 1, 1, 0, 0
Black-Spot-146-_jpg.rf.b8cb6c1d2098235d571d87c03990513c.jpg, 1, 0, 0, 0, 0, 1
Fresh-leaf-98-_jpg.rf.bab42c14fac4dc451c7aa7c8dfc2fe38.jpg, 0, 0, 1, 1, 0, 0
Fresh-leaf-311-_jpg.rf.ba1ef9c0399c4cb9b8994679cbd220f9.jpg, 0, 0, 1, 1, 0, 0
Fresh-leaf-367-_jpg.rf.bba016b924608daaa9d1506336b1c586.jpg, 0, 0, 1, 1, 0, 0
Fresh-leaf-334-_jpg.rf.bae236c64dccd6067caafe3607d636e3.jpg, 0, 0, 1, 1, 0, 0
Downy-Mildew-191-_jpg.rf.bd483228405990b4776e2b501bf9dd23.jpg, 0, 1, 0, 0, 1, 0
Fresh-leaf-386-_jpg.rf.bc175d7e5c2bd5fd8be81dc41d3b1aa4.jpg, 0, 0, 1, 1, 0, 0
Downy-Mildew-38-_jpg.rf.be7e4d00b8ef6d6d65d980be028966cc.jpg, 0, 1, 0, 0, 1, 0
Fresh-leaf-130-_jpg.rf.b9a083e6c864b7cc6b624042aa8afde2.jpg, 0, 0, 1, 1, 0, 0
Fresh-leaf-219-_jpg.rf.ba746a12c79b587d37f64154f4f574f8.jpg, 0, 0, 1, 1, 0, 0
Black-Spot-284-_jpg.rf.c07dac1cfed52ebdbb9d565f2f0c24e1.jpg, 1, 0, 0, 0, 0, 1
Fresh-leaf-84-_jpg.rf.be3d484394d756cd631546d59da739fe.jpg, 0, 0, 1, 1, 0, 0
Fresh-leaf-312-_jpg.rf.bb2e2faf4a22b8fa6d7201bbfff3ac43.jpg, 0, 0, 1, 1, 0, 0
Downy-Mildew-53-_jpg.rf.bb537584af9109c600bb35e4416e9324.jpg, 0, 1, 0, 0, 1, 0
Fresh-leaf-392-_jpg.rf.bae8abc074d4fee204f0f05d875d3cdb.jpg, 0, 0, 1, 1, 0, 0
Downy-Mildew-162-_jpg.rf.bd50d59b82811e621d7aa37da32ca930.jpg, 0, 1, 0, 0, 1, 0
Fresh-leaf-239-_jpg.rf.c0635ac08618befafd389799f74a38f4.jpg, 0, 0, 1, 1, 0, 0
Fresh-leaf-328-_jpg.rf.c0ec2a01095aa571ae4d63a5846101ae.jpg, 0, 0, 1, 1, 0, 0
Black-Spot-230-_jpg.rf.c105f7f65bc61a64df44829ceac69e16.jpg, 1, 0, 0, 0, 0, 1
Fresh-leaf-208-_jpg.rf.c0675eefa3bd213925994e8903d602fd.jpg, 0, 0, 1, 1, 0, 0
Downy-Mildew-183-_jpg.rf.afabbd70908068bd4b236f6ea48b95b7.jpg, 0, 1, 0, 0, 1, 0
Fresh-leaf-187-_jpg.rf.be3466d21df4b9c65c369024d9b32176.jpg, 0, 0, 1, 1, 0, 0
Fresh-leaf-6-_jpg.rf.bd00c4e4e38f454729a037daf653f256.jpg, 0, 0, 1, 1, 0, 0
Fresh-leaf-92-_jpg.rf.bfc2b12a521c21dfcdb838b998d3c55d.jpg, 0, 0, 1, 1, 0, 0
Downy-Mildew-3-_jpg.rf.c1853cc9afc9cdc2db1851a690b14ae1.jpg, 0, 1, 0, 0, 1, 0
Fresh-leaf-190-_jpg.rf.c1347d1470937be41f70bc400bd2b50c.jpg, 0, 0, 1, 1, 0, 0
Fresh-leaf-260-_jpg.rf.bf069d4750b2abcce551554a7aa29999.jpg, 0, 0, 1, 1, 0, 0
Fresh-leaf-102-_jpg.rf.bcd762bc6d4a86977946c98c4e6468e2.jpg, 0, 0, 1, 1, 0, 0
Black-Spot-249-_jpg.rf.c42dd50ba438f523d23bbfd266b0dd58.jpg, 1, 0, 0, 0, 0, 1
Black-Spot-68-_jpg.rf.c22bb5153dc30a2a5043534cc7f928c5.jpg, 1, 0, 0, 0, 0, 1
Black-Spot-168-_jpg.rf.c568023fffd75e024b4fb6a5545ba7c6.jpg, 1, 0, 0, 0, 0, 1
Fresh-leaf-352-_jpg.rf.c7eaba129f12e2e7a040079f82246f80.jpg, 0, 0, 1, 1, 0, 0
Downy-Mildew-22-_jpg.rf.c2872e998ece2f67d6c4abce5afda54a.jpg, 0, 1, 0, 0, 1, 0
Fresh-leaf-282-_jpg.rf.c590740f09c958dd2e8ae216131c11c9.jpg, 0, 0, 1, 1, 0, 0
Black-Spot-271-_jpg.rf.c422c90e8e208bd2607645e03951e986.jpg, 1, 0, 0, 0, 0, 1
Black-Spot-150-_jpg.rf.c1f84124edaf42f1472f2b52e812fbf8.jpg, 1, 0, 0, 0, 0, 1
Black-Spot-7-_jpg.rf.c6445364e6a890b8025747974a957bfc.jpg, 1, 0, 0, 0, 0, 1
Fresh-leaf-99-_jpg.rf.c1b80f5cdae93e37641f8ae804fd7389.jpg, 0, 0, 1, 1, 0, 0
Fresh-leaf-110-_jpg.rf.c3ab10f7726db1d91580c5ca15fcdd6a.jpg, 0, 0, 1, 1, 0, 0
Fresh-leaf-140-_jpg.rf.c325072d89de8758ce0dfc982ac706b7.jpg, 0, 0, 1, 1, 0, 0
Downy-Mildew-100-_jpg.rf.c2293782ca08dfc52fd11d65e92155c4.jpg, 0, 1, 0, 0, 1, 0
Fresh-leaf-288-_jpg.rf.c891720b4e6b460d43a0a9d9f329d93c.jpg, 0, 0, 1, 1, 0, 0
Black-Spot-309-_jpg.rf.ca5e19eda4b0cd17e5164ba56a08fff8.jpg, 1, 0, 0, 0, 0, 1
Black-Spot-239-_jpg.rf.c5db1efc4094e71401e7da48b34480b0.jpg, 1, 0, 0, 0, 0, 1
Fresh-leaf-217-_jpg.rf.c7c220eac2040db316f11cb10341097b.jpg, 0, 0, 1, 1, 0, 0
Fresh-leaf-404-_jpg.rf.c9b0c82da6ef3197757828811ae267da.jpg, 0, 0, 1, 1, 0, 0
Fresh-leaf-134-_jpg.rf.ca0360868e37ea6019a3487b9c64aafc.jpg, 0, 0, 1, 1, 0, 0
Fresh-leaf-39-_jpg.rf.c6387b5be783bf2d7eed499266e71c98.jpg, 0, 0, 1, 1, 0, 0
Fresh-leaf-235-_jpg.rf.c5e693a5b6e97c5863a0c31583f99c01.jpg, 0, 0, 1, 1, 0, 0
Fresh-leaf-172-_jpg.rf.cb7d8751240c21a7dd68d22f14a011af.jpg, 0, 0, 1, 1, 0, 0
Fresh-leaf-164-_jpg.rf.c4b3d7e3501ae23048487cc9652534dd.jpg, 0, 0, 1, 1, 0, 0
Fresh-leaf-88-_jpg.rf.cae80c53c42bd18173ade1c4d56416a3.jpg, 0, 0, 1, 1, 0, 0
Fresh-leaf-29-_jpg.rf.cb8033d97fad2efba5e7de1418c7ca51.jpg, 0, 0, 1, 1, 0, 0
Fresh-leaf-180-_jpg.rf.ca2eaf7488b3af48b7394abf1eeff692.jpg, 0, 0, 1, 1, 0, 0
Fresh-leaf-73-_jpg.rf.c443f87e4122890f0f3c926cde05456e.jpg, 0, 0, 1, 1, 0, 0
Black-Spot-295-_jpg.rf.c9f90c33cecaa20af75409ac12e4af29.jpg, 1, 0, 0, 0, 0, 1
Fresh-leaf-389-_jpg.rf.cb150277c2adda7c7855e908b140845d.jpg, 0, 0, 1, 1, 0, 0
Black-Spot-290-_jpg.rf.cc11283c79c0d07c63fac909514ccd2c.jpg, 1, 0, 0, 0, 0, 1
Fresh-leaf-17-_jpg.rf.cb8096b82fe61892ea59f82cd411b9cb.jpg, 0, 0, 1, 1, 0, 0
Downy-Mildew-129-_jpg.rf.d44ea42c6edbacb577c9bc7da0accd4c.jpg, 0, 1, 0, 0, 1, 0
Black-Spot-93-_jpg.rf.cc9cc32be33c1f0ac00237cfce975792.jpg, 1, 0, 0, 0, 0, 1
Fresh-leaf-259-_jpg.rf.cfbac74b540fe3f8010d142615c0b4ca.jpg, 0, 0, 1, 1, 0, 0
Fresh-leaf-87-_jpg.rf.cc2c56ca1cf0c260c532b0c7f7b73614.jpg, 0, 0, 1, 1, 0, 0
Downy-Mildew-35-_jpg.rf.cefeb41566378b4dcaf0305c13a71a4b.jpg, 0, 1, 0, 0, 1, 0
Black-Spot-52-_jpg.rf.d0352b88e938ed940f46748b8dd593ba.jpg, 1, 0, 0, 0, 0, 1
Black-Spot-175-_jpg.rf.d03a8929b99aad3880c29cc0cf2504dc.jpg, 1, 0, 0, 0, 0, 1
Fresh-leaf-205-_jpg.rf.d4a9156ff058c8883e09d573e4944122.jpg, 0, 0, 1, 1, 0, 0
Black-Spot-24-_jpg.rf.d2dfa030dbc1c41800df9c5f999823ed.jpg, 1, 0, 0, 0, 0, 1
Fresh-leaf-257-_jpg.rf.d39da0b33721874fe18f2407d4283c52.jpg, 0, 0, 1, 1, 0, 0
Black-Spot-58-_jpg.rf.d4097c980d9b40530c325962bbb9858e.jpg, 1, 0, 0, 0, 0, 1
Fresh-leaf-174-_jpg.rf.d2ded6ef0a0bc4e37aa0da05310a85ed.jpg, 0, 0, 1, 1, 0, 0
Fresh-leaf-313-_jpg.rf.d1775f6cb819e9f09ead9a305b987905.jpg, 0, 0, 1, 1, 0, 0
Black-Spot-153-_jpg.rf.d5dae66e313f260968d2787400c5400b.jpg, 1, 0, 0, 0, 0, 1
Downy-Mildew-138-_jpg.rf.d38096d38d8ed15255cd33f6f58173d4.jpg, 0, 1, 0, 0, 1, 0
Black-Spot-171-_jpg.rf.d5e659171861850a883457be53afe0ba.jpg, 1, 0, 0, 0, 0, 1
Fresh-leaf-44-_jpg.rf.d1664744689dbc6c74fe8e6f63f72699.jpg, 0, 0, 1, 1, 0, 0
Fresh-leaf-149-_jpg.rf.cd663589bdde1b6d25748c9d19fc846c.jpg, 0, 0, 1, 1, 0, 0
Black-Spot-79-_jpg.rf.d719658b02a93da1393f22344909db7a.jpg, 1, 0, 0, 0, 0, 1
Downy-Mildew-94-_jpg.rf.d4b36c13281de969ea9ecb94875d6941.jpg, 0, 1, 0, 0, 1, 0
Fresh-leaf-236-_jpg.rf.cdc934f597448bb7f43c4da2cf95cf8c.jpg, 0, 0, 1, 1, 0, 0
Fresh-leaf-264-_jpg.rf.d4c00414e0785e849ff4ce5930ae6f29.jpg, 0, 0, 1, 1, 0, 0
Fresh-leaf-112-_jpg.rf.d1f1c7ee13a77aa31baf40af2342178e.jpg, 0, 0, 1, 1, 0, 0
Fresh-leaf-296-_jpg.rf.d78309a156590b8a662ba75096e41da7.jpg, 0, 0, 1, 1, 0, 0
Fresh-leaf-96-_jpg.rf.cf2bb031cc2eb4cad2a0ed4d00a73548.jpg, 0, 0, 1, 1, 0, 0
Black-Spot-262-_jpg.rf.d6132b12ef78795c5d006eeed3c2f64a.jpg, 1, 0, 0, 0, 0, 1
Black-Spot-282-_jpg.rf.d72c9015af54d0525eaac70a458cda1a.jpg, 1, 0, 0, 0, 0, 1
Downy-Mildew-145-_jpg.rf.d7997f48e271927f6b6801657d17c3e1.jpg, 0, 1, 0, 0, 1, 0
Downy-Mildew-21-_jpg.rf.d7f1fb53d36341459a61a664fc7f2508.jpg, 0, 1, 0, 0, 1, 0
Fresh-leaf-108-_jpg.rf.d8840230d65d1949aabf9de06aa633a7.jpg, 0, 0, 1, 1, 0, 0
Black-Spot-199-_jpg.rf.d80c214451576902b443786ceaefda1c.jpg, 1, 0, 0, 0, 0, 1
Fresh-leaf-80-_jpg.rf.d8f388cd0abaaa9900ca282cd33d395c.jpg, 0, 0, 1, 1, 0, 0
Fresh-leaf-294-_jpg.rf.dcece5c9c06be362ac3220a930823106.jpg, 0, 0, 1, 1, 0, 0
Black-Spot-14-_jpg.rf.d9347f8414412a3bb02a2cb9e7c52131.jpg, 1, 0, 0, 0, 0, 1
Fresh-leaf-358-_jpg.rf.dba9d30f3d6d1959f8e9fde7db56e364.jpg, 0, 0, 1, 1, 0, 0
Fresh-leaf-19-_jpg.rf.dfa5ccaa4a8c21229f2cdaf50c41a0b5.jpg, 0, 0, 1, 1, 0, 0
Fresh-leaf-162-_jpg.rf.df4339c92c119289aa60ee814235cedd.jpg, 0, 0, 1, 1, 0, 0
Black-Spot-248-_jpg.rf.dcd656ef712f29c16d06bb669dfbb1ba.jpg, 1, 0, 0, 0, 0, 1
Black-Spot-265-_jpg.rf.d9815b0abd96b362efed7eb02c83f70d.jpg, 1, 0, 0, 0, 0, 1
Black-Spot-286-_jpg.rf.deb03e04fdfa9f40c1db6cb0b3077891.jpg, 1, 0, 0, 0, 0, 1
Black-Spot-156-_jpg.rf.df5a4efe8c3872276c9c5175c9f3e5a3.jpg, 1, 0, 0, 0, 0, 1
Fresh-leaf-202-_jpg.rf.e05d8db1cf76ebd7996d5338a3f5a852.jpg, 0, 0, 1, 1, 0, 0
Fresh-leaf-170-_jpg.rf.df8ba102e0dbe72d596db3e5a8937273.jpg, 0, 0, 1, 1, 0, 0
Downy-Mildew-170-_jpg.rf.d839ae2cda66f3ec4dad1e5f19570f6c.jpg, 0, 1, 0, 0, 1, 0
Fresh-leaf-287-_jpg.rf.dcd0934cc2c16588d190f03caa1afde4.jpg, 0, 0, 1, 1, 0, 0
Fresh-leaf-204-_jpg.rf.dff121b74e0fb5720376ba4693f465ed.jpg, 0, 0, 1, 1, 0, 0
Downy-Mildew-23-_jpg.rf.df1824d431c2bcd7aacfd8e051666b6d.jpg, 0, 1, 0, 0, 1, 0
Black-Spot-231-_jpg.rf.db367c358e7e7cf9d147cd9ed11d3ac9.jpg, 1, 0, 0, 0, 0, 1
Fresh-leaf-230-_jpg.rf.e0802c2d5f77bdfffa4a0c954bab7a5f.jpg, 0, 0, 1, 1, 0, 0
Fresh-leaf-304-_jpg.rf.d963308d9d04dc15540a648d61137a81.jpg, 0, 0, 1, 1, 0, 0
Fresh-leaf-168-_jpg.rf.d99e16303687c3ee7f2cd3d61ce41806.jpg, 0, 0, 1, 1, 0, 0
Black-Spot-33-_jpg.rf.e28c5e998184ab9894f298a0fbf8a592.jpg, 1, 0, 0, 0, 0, 1
Downy-Mildew-69-_jpg.rf.da10bad982f48edd72461edf8e32bca6.jpg, 0, 1, 0, 0, 1, 0
Fresh-leaf-117-_jpg.rf.e2261b81870588e29644666b4d0dcf93.jpg, 0, 0, 1, 1, 0, 0
Fresh-leaf-207-_jpg.rf.e1b7ca962ef2001e2a8569c9698f65c0.jpg, 0, 0, 1, 1, 0, 0
Black-Spot-88-_jpg.rf.e834edb847b3675db311b843a689ebe8.jpg, 1, 0, 0, 0, 0, 1
Fresh-leaf-195-_jpg.rf.e2ca4e8046b429e24ef6020241cdb773.jpg, 0, 0, 1, 1, 0, 0
Fresh-leaf-67-_jpg.rf.e4bf45805246843dacb416eb2613cf37.jpg, 0, 0, 1, 1, 0, 0
Downy-Mildew-87-_jpg.rf.e4fe22dde449df4bf8ce1aeec36e9621.jpg, 0, 1, 0, 0, 1, 0
Downy-Mildew-1-_jpg.rf.e2c59e30561a13dae2eac2acb40252f0.jpg, 0, 1, 0, 0, 1, 0
Fresh-leaf-58-_jpg.rf.e74e76ee6241ce5d0e4b78f6c9a53cac.jpg, 0, 0, 1, 1, 0, 0
Fresh-leaf-186-_jpg.rf.e8eb58efcb31c4ad967c80f2c04e400c.jpg, 0, 0, 1, 1, 0, 0
Black-Spot-117-_jpg.rf.e8f28ee6e2287a0b178d8e098c6cf858.jpg, 1, 0, 0, 0, 0, 1
Fresh-leaf-256-_jpg.rf.e5e6f7abdbfdd1ff578e640139501a5b.jpg, 0, 0, 1, 1, 0, 0
Fresh-leaf-222-_jpg.rf.e0b9915ed0e39fa1dd104c32a89610f9.jpg, 0, 0, 1, 1, 0, 0
Fresh-leaf-337-_jpg.rf.e3d0bc306a6259958b1f4c2b2968e212.jpg, 0, 0, 1, 1, 0, 0
Fresh-leaf-139-_jpg.rf.e818d607f3ee01a5521fdc913c0ca9b2.jpg, 0, 0, 1, 1, 0, 0
Black-Spot-227-_jpg.rf.ebf5a0f51d86bc4a7bb5d0384836b649.jpg, 1, 0, 0, 0, 0, 1
Downy-Mildew-105-_jpg.rf.e55cbfe44bd1f73dd0a252fe077baca9.jpg, 0, 1, 0, 0, 1, 0
Fresh-leaf-403-_jpg.rf.eb01bd9a97ec40947bcd4060b647b6a8.jpg, 0, 0, 1, 1, 0, 0
Black-Spot-130-_jpg.rf.ea57762939d3de5a2b5d1a7060ee9ce9.jpg, 1, 0, 0, 0, 0, 1
Downy-Mildew-166-_jpg.rf.e8df3eeafc63c5da8d208f8c433b4d73.jpg, 0, 1, 0, 0, 1, 0
Black-Spot-55-_jpg.rf.ea75576d1fd0cf7fec7f7a5388fae9e1.jpg, 1, 0, 0, 0, 0, 1
Black-Spot-307-_jpg.rf.eb98f1427f1ee8179b64ee097523e958.jpg, 1, 0, 0, 0, 0, 1
Black-Spot-35-_jpg.rf.ec5d329c1187003c5bb22ef64f4d9dd5.jpg, 1, 0, 0, 0, 0, 1
Black-Spot-192-_jpg.rf.ecec1b2ceb28719929092fedfa22aa3a.jpg, 1, 0, 0, 0, 0, 1
Fresh-leaf-400-_jpg.rf.ebd6b3cb0de621ca6586cd8189a9022c.jpg, 0, 0, 1, 1, 0, 0
Downy-Mildew-92-_jpg.rf.ee641a0d6f4ad7f27c9abc5359d389b0.jpg, 0, 1, 0, 0, 1, 0
Fresh-leaf-338-_jpg.rf.e6789645e6da6f6d0c2a9efd13fb9ca7.jpg, 0, 0, 1, 1, 0, 0
Fresh-leaf-94-_jpg.rf.ee96fecd5252a55e0e9441ac34dc9d63.jpg, 0, 0, 1, 1, 0, 0
Black-Spot-176-_jpg.rf.e7fa64e9b7c9847ea51722cbd37c1b50.jpg, 1, 0, 0, 0, 0, 1
Fresh-leaf-232-_jpg.rf.ef3d5766bbb0b0a23bf2bc576a46db22.jpg, 0, 0, 1, 1, 0, 0
Fresh-leaf-262-_jpg.rf.e218a9ef74887e3874b46ed929ef743b.jpg, 0, 0, 1, 1, 0, 0
Fresh-leaf-116-_jpg.rf.f49a220a88f172e581ad915d9250bcfb.jpg, 0, 0, 1, 1, 0, 0
Black-Spot-112-_jpg.rf.f021ff86220b2d15c0ad81a2c046c4d6.jpg, 1, 0, 0, 0, 0, 1
Black-Spot-86-_jpg.rf.f26f7c5d97ab33edebedf84deb1f349c.jpg, 1, 0, 0, 0, 0, 1
Fresh-leaf-97-_jpg.rf.f9e76f89f60b062388b8bc045629720f.jpg, 0, 0, 1, 1, 0, 0
Black-Spot-177-_jpg.rf.f73d29906b17c3b2c002a8691412db02.jpg, 1, 0, 0, 0, 0, 1
Fresh-leaf-66-_jpg.rf.f72e5197a2aa0706f0722d0a70dbf50e.jpg, 0, 0, 1, 1, 0, 0
Fresh-leaf-59-_jpg.rf.f8b7c498069bea1c6b8f91c0085ddf1d.jpg, 0, 0, 1, 1, 0, 0
Black-Spot-111-_jpg.rf.f33cef6fca6b8069efc4acb1146972ec.jpg, 1, 0, 0, 0, 0, 1
Black-Spot-212-_jpg.rf.f526bf5422dacd344fb622fd4c2a075e.jpg, 1, 0, 0, 0, 0, 1
Black-Spot-233-_jpg.rf.fa212e026a26877d89c58bec83efe69d.jpg, 1, 0, 0, 0, 0, 1
Fresh-leaf-203-_jpg.rf.f47e07742775c215b8ece64b161c1c9c.jpg, 0, 0, 1, 1, 0, 0
Downy-Mildew-84-_jpg.rf.f25e91c969116db26e19e723cd3eb15b.jpg, 0, 1, 0, 0, 1, 0
Downy-Mildew-26-_jpg.rf.f4f19cef755a5f3ef57e394778b87294.jpg, 0, 1, 0, 0, 1, 0
Fresh-leaf-40-_jpg.rf.f945e8284b5ae9eee080558cd321bbea.jpg, 0, 0, 1, 1, 0, 0
Black-Spot-49-_jpg.rf.f8e921272be7199017f8da67979d59e7.jpg, 1, 0, 0, 0, 0, 1
Fresh-leaf-158-_jpg.rf.f719f493ecfc91b6636e746c2494d83e.jpg, 0, 0, 1, 1, 0, 0
Fresh-leaf-317-_jpg.rf.f44f5555e8b0b761671e4fea5699718e.jpg, 0, 0, 1, 1, 0, 0
Fresh-leaf-276-_jpg.rf.f38d250585e4537a3b31f0238ed2d59c.jpg, 0, 0, 1, 1, 0, 0
Black-Spot-98-_jpg.rf.f309810bfb33af3a3205058628f1adeb.jpg, 1, 0, 0, 0, 0, 1
Black-Spot-184-_jpg.rf.f04bb9438e8d5c3fe6ddcb3e5e011663.jpg, 1, 0, 0, 0, 0, 1
Black-Spot-288-_jpg.rf.f504cc2d394d7287d1d47c37ca25332e.jpg, 1, 0, 0, 0, 0, 1
Black-Spot-240-_jpg.rf.f0b6f2ce6f953d0059d035090c76a5c3.jpg, 1, 0, 0, 0, 0, 1
Black-Spot-42-_jpg.rf.f9f5908ff0305a5f58003e3f8a46ef83.jpg, 1, 0, 0, 0, 0, 1
Fresh-leaf-189-_jpg.rf.f801c17fe535c7d3df363dd0eba7ed45.jpg, 0, 0, 1, 1, 0, 0
Black-Spot-270-_jpg.rf.fc28670ce8a5ac43039dffe26abd8f14.jpg, 1, 0, 0, 0, 0, 1
Fresh-leaf-37-_jpg.rf.fb92860777f578f7f4b4196a7a8416d4.jpg, 0, 0, 1, 1, 0, 0
Fresh-leaf-371-_jpg.rf.fb5074ff32e8918681dbe60ae4e63a35.jpg, 0, 0, 1, 1, 0, 0
Fresh-leaf-223-_jpg.rf.fc3a1f06f7dd5470247b7d8b034879ce.jpg, 0, 0, 1, 1, 0, 0
Fresh-leaf-145-_jpg.rf.f9d2fc065181b1d054a17dd96d0b1f2d.jpg, 0, 0, 1, 1, 0, 0
Black-Spot-66-_jpg.rf.fcb2f8f1eae24d56628828077fc241bf.jpg, 1, 0, 0, 0, 0, 1
Downy-Mildew-119-_jpg.rf.fadd141e1b94b00486bb4cf3e88e047a.jpg, 0, 1, 0, 0, 1, 0
Fresh-leaf-93-_jpg.rf.fb9cb1dcfda5b95336ba0f90ebf0326f.jpg, 0, 0, 1, 1, 0, 0
Fresh-leaf-47-_jpg.rf.fe713a621a3ce525cf6ffb023d787986.jpg, 0, 0, 1, 1, 0, 0
Black-Spot-10-_jpg.rf.fe6ef23c8bef654821c3e75311a552c6.jpg, 1, 0, 0, 0, 0, 1
Fresh-leaf-291-_jpg.rf.fd7acb2175336ef7dc9e4ef8e7a72256.jpg, 0, 0, 1, 1, 0, 0
Black-Spot-285-_jpg.rf.fede8458499c7938c77ea853a4f65cba.jpg, 1, 0, 0, 0, 0, 1
Downy-Mildew-121-_jpg.rf.feb2590cf322a06ee4cefcbd728a80ca.jpg, 0, 1, 0, 0, 1, 0
Downy-Mildew-15-_jpg.rf.fd80f87dcdc054a847a8434eb1a19508.jpg, 0, 1, 0, 0, 1, 0
Fresh-leaf-299-_jpg.rf.fd96946c88a9a69161743d37c170e108.jpg, 0, 0, 1, 1, 0, 0
Fresh-leaf-344-_jpg.rf.ff7c4dff258bc651538841fc3b494661.jpg, 0, 0, 1, 1, 0, 0
Fresh-leaf-274-_jpg.rf.fe926574d8ade18e3b99a9a0f8435642.jpg, 0, 0, 1, 1, 0, 0